<configs>

<append xpath="/items">


<item name="sword">
	<property name="Tags" value="knife,melee,grunting,light,perkFlurryOfBlows,weapon,meleeWeapon,attAgility,perkDeepCuts,perkTheHuntsman,canHaveCosmetic"/>
	<property name="Extends" value="meleeToolAxeT1IronFireaxe"/>
	<property name="Meshfile" value="#@modfolder:Resources/Sword.unity3d?Sword.prefab"/>
	<property name="EconomicValue" value="1000"/>
	<property name="UnlockedBy" value="perkDeepCuts" />
	<property name="Material" value="Mmetal"/> <property name="Weight" value="6"/>

	<property class="Action0">
		<property name="Sound_start" value="axe_swinglight"/>
		<property name="UseGrazingHits" value="true"/>
		<property name="GrazeStart" value=".25"/>
		<property name="GrazeEnd" value=".35"/>
		<property name="SwingDegrees" value="90"/>
		<property name="SwingAngle" value="90"/>
		<property class="HitSounds">
			<property name="Override0" value="organic" param1="metalstaborganic"/>
		</property>
		<property class="GrazeSounds">
			<property name="Override0" value="organic" param1="metalgrazeorganic"/>
		</property>
	</property>
	<property class="Action1">
		<property name="Sound_start" value="axe_swingheavy"/>
		<property name="UseGrazingHits" value="true"/>
		<property name="GrazeStart" value=".2"/>
		<property name="GrazeEnd" value=".3"/>
		<property name="SwingDegrees" value="80"/>
		<property name="SwingAngle" value="140"/>
		<property class="HitSounds">
			<property name="Override0" value="organic" param1="metalstaborganic"/>
		</property>
		<property class="GrazeSounds">
			<property name="Override0" value="organic" param1="metalgrazeorganic"/>
		</property>
	</property>

	<effect_group name="sword">
		<passive_effect name="EntityDamage" operation="base_set" value="26.2" tags="perkDeepCuts,knife"/> <!-- meleeWpnBladeT1HuntingKnife -->
		<passive_effect name="BlockDamage" operation="base_set" value="22.1" tags="perkDeepCuts"/>
		<passive_effect name="AttacksPerMinute" operation="base_set" value="60" tags="perkDeepCuts,perkFlurryOfBlows"/>
		<passive_effect name="StaminaLoss" operation="base_set" value="23.7" tags="primary"/>
		<passive_effect name="DegradationMax" operation="base_set" value="462,1154" tier="1,6" tags="perkDeepCuts"/>
		<passive_effect name="DegradationPerUse" operation="base_set" value="1" tags="perkDeepCuts"/>
		<passive_effect name="MaxRange" operation="base_set" value="3.4" tags="perkDeepCuts"/>
		<passive_effect name="BlockRange" operation="base_set" value="4.0" tags="perkDeepCuts"/>

		<passive_effect name="ModSlots" operation="base_set" value="1,1,2,2,3,4" tier="1,2,3,4,5,6"/>
		<passive_effect name="ModPowerBonus" operation="perc_add" value=".10" tags="EntityDamage,BlockDamage"/>
		<passive_effect name="ModPowerBonus" operation="base_add" value="300" tags="EconomicValue"/>

		<passive_effect name="EntityDamage" operation="perc_add" value="-.15,.15" tags="perkDeepCuts"/> <!-- random EntityDmg -->
		<passive_effect name="EntityDamage" operation="perc_add" value=".1,.5" tier="2,6" tags="perkDeepCuts"/> <!-- tier bonus -->
		<passive_effect name="BlockDamage" operation="perc_add" value="-.15,.15" tags="perkDeepCuts"/> <!-- random BlockDmg -->
		<passive_effect name="BlockDamage" operation="perc_add" value=".1,.5" tier="2,6" tags="perkDeepCuts"/> <!-- tier bonus -->

		<passive_effect name="DamageModifier" operation="perc_add" value="-.8" tags="earth"/>
		<passive_effect name="DamageModifier" operation="perc_add" value="-.8" tags="stone"/>
		<passive_effect name="DamageModifier" operation="perc_add" value="-.8" tags="metal"/>
		<passive_effect name="DamageModifier" operation="perc_add" value=".6" tags="organic"/>
		<!-- <passive_effect name="DamageModifier" operation="perc_add" value="0" tags="organic"/> affects organic block harvesting based on block.material.damage_category, not animal corpse harvesting -->
		<passive_effect name="HarvestCount" operation="base_set" value="1" tags="butcherHarvest"/>
		<!--<passive_effect name="BlockDamage" operation="perc_add" value="6" tags="blockButcher"/>-->
	</effect_group>
	
	
	<effect_group name="Power Attack">
		<passive_effect name="EntityDamage" operation="perc_add" value="1.25" tags="secondary"/>
		<passive_effect name="BlockDamage" operation="perc_add" value="1.25" tags="secondary"/>
		<passive_effect name="AttacksPerMinute" operation="perc_add" value="-.3" tags="secondary"/>
		<passive_effect name="StaminaLoss" operation="base_set" value="61.7" tags="secondary"/>
	</effect_group>
	
	
	
	<effect_group name="sneak damage bonus">
		<requirement name="CVarCompare" cvar="_crouching" operation="Equals" value="1"/>
		<requirement name="CVarCompare" cvar="_notAlerted" operation="GT" value="0" target="other"/>
			<passive_effect name="DamageBonus" operation="base_add" value="4"/>
			<passive_effect name="EntityDamage" operation="perc_add" value="4" tags="perkDeepCuts"/>
			<display_value name="dEntityDamageSneak" value="4"/>
	</effect_group>
	<property name="Group" value="Ammo/Weapons"/>
	<property name="RepairExpMultiplier" value="5.5"/>
</item>















</append>

</configs>