<configs>

<append xpath="/recipes">

<recipe name="sword" count="1" craft_area="workbench" tags="learnable,perkDeepCuts">
	<ingredient name="resourceForgedSteel" count="30"/>
	<ingredient name="resourceWood" count="10"/>
	<ingredient name="resourceLeather" count="3"/>
	<ingredient name="resourceDuctTape" count="3"/>
	<effect_group>
		<passive_effect name="CraftingIngredientCount" level="2,6" operation="perc_add" value=".5,2.5" tags="resourceForgedSteel,resourceWood,resourceLeather,resourceDuctTape"/>
	</effect_group>
</recipe>


















</append>


</configs>